{
  "eye": {
    "orientation": [
      0,
      0,
      0,
      1
    ],
    "magnitude": 0.5773502588272095,
    "position": [
      640,
      360,
      2172.440185546875
    ]
  },
  "radius": 861.2200927734375,
  "type": "PERSPECTIVE"
}